<?xml version="1.0" encoding="UTF-8"?>
<beans xmlns="http://www.springframework.org/schema/beans"
	xmlns:xsi="http://www.w3.org/2001/XMLSchema-instance" 
	xmlns:aop="http://www.springframework.org/schema/aop"
	xsi:schemaLocation="http://www.springframework.org/schema/beans 
	http://www.springframework.org/schema/beans/spring-beans-4.0.xsd">

	<bean id="mybean" class="com.cg.spring.ui.Test">
	<constructor-arg value ="RedMI" index = "0"></constructor-arg>
	<constructor-arg value ="Note5 Pro" index = "1"></constructor-arg>
	<constructor-arg value ="17000" index = "2"></constructor-arg>
	</bean>
</beans>