<?xml version="1.0" encoding="UTF-8"?>
<beans xmlns="http://www.springframework.org/schema/beans"
	xmlns:xsi="http://www.w3.org/2001/XMLSchema-instance" 
	xmlns:aop="http://www.springframework.org/schema/aop"
	xsi:schemaLocation="http://www.springframework.org/schema/beans 
	http://www.springframework.org/schema/beans/spring-beans-4.0.xsd">

	<bean id="dept" class="com.cg.spring.department">
	<property name="dept" value="java"></property>
	</bean>
	
	<bean id="emp" class="com.cg.spring.Employee">
	<property name="id" value="201"></property>
	<property name="name" value="yashi"></property>
	<property name="dept" >
	<ref bean="dept"/>
	</property>
	</bean>
</beans>