<?xml version="1.0" encoding="UTF-8"?>
<beans xmlns="http://www.springframework.org/schema/beans"
	xmlns:xsi="http://www.w3.org/2001/XMLSchema-instance" 
	xmlns:aop="http://www.springframework.org/schema/aop"
	xsi:schemaLocation="http://www.springframework.org/schema/beans 
	http://www.springframework.org/schema/beans/spring-beans-4.0.xsd">

	<bean id="deptName" class="com.cg.spring.Department">
	<property name="dept" value="java"></property>
	<property name="emps">
	 <list>
	 	<ref bean="emp1"/>
	 	<ref bean="emp2"/>
	 	<ref bean="emp3"/>
	</list>
	</property>
</bean>
	
	<bean id="emp1" class="com.cg.spring.Employee" autowire="byType">
	<property name="empid" value="201"></property>
	<property name="empname" value="Yashi"></property>
	</bean>
	
	<bean id="emp2" class="com.cg.spring.Employee" autowire="byName">
	<property name="empid" value="202"></property>
	<property name="empname" value="Yash"></property>
	</bean>
	
	<bean id="emp3" class="com.cg.spring.Employee" autowire="byName">
	<property name="empid" value="203"></property>
	<property name="empname" value="Ashi"></property>
	</bean>
	
</beans>