<?xml version="1.0" encoding="UTF-8"?>
<beans xmlns="http://www.springframework.org/schema/beans"
	xmlns:xsi="http://www.w3.org/2001/XMLSchema-instance" 
	xmlns:aop="http://www.springframework.org/schema/aop"
	xsi:schemaLocation="http://www.springframework.org/schema/beans 
	http://www.springframework.org/schema/beans/spring-beans-4.0.xsd">

	<bean id="mybean" class="com.cg.spring.dto.Test">
	<property name="compName" value="RedMI"></property>
	<property name="type" value="Note5 Pro"></property>
	<property name="price" value="17000"></property>
	</bean>
</beans>